Unnamed: 0,submission_id,timestamp,url,answer,time_spent,repo,issue_num
0,5ddc1e94-9ba3-11eb-8455-0242ac190002,2021-04-12 15:25:52,https://github.com/square/okhttp/issues/4875,semantic,243.4,square/okhttp,4875
1,5ddc1e94-9ba3-11eb-8455-0242ac190002,2021-04-12 15:25:52,https://github.com/DiUS/pact-jvm/issues/196,semantic,67.1,DiUS/pact-jvm,196
2,5ddc1e94-9ba3-11eb-8455-0242ac190002,2021-04-12 15:25:52,https://github.com/spring-projects/spring-boot/issues/11338,memory,37.5,spring-projects/spring-boot,11338
3,5ddc1e94-9ba3-11eb-8455-0242ac190002,2021-04-12 15:25:52,https://github.com/skylot/jadx/issues/685,semantic,59.2,skylot/jadx,685
4,5ddc1e94-9ba3-11eb-8455-0242ac190002,2021-04-12 15:25:52,https://github.com/speedment/speedment/issues/628,semantic,28.8,speedment/speedment,628
5,5ddc1e94-9ba3-11eb-8455-0242ac190002,2021-04-12 15:25:52,https://github.com/hazelcast/hazelcast/issues/16482,concurrency,16.9,hazelcast/hazelcast,16482
6,5ddc1e94-9ba3-11eb-8455-0242ac190002,2021-04-12 15:25:52,https://github.com/checkstyle/checkstyle/issues/3507,other,9.2,checkstyle/checkstyle,3507
7,5ddc1e94-9ba3-11eb-8455-0242ac190002,2021-04-12 15:25:52,https://github.com/eXist-db/exist/issues/1856,concurrency,6.1,eXist-db/exist,1856
8,5ddc1e94-9ba3-11eb-8455-0242ac190002,2021-04-12 15:25:52,https://github.com/restlet/restlet-framework-java/issues/1243,other,4.6,restlet/restlet-framework-java,1243
9,5ddc1e94-9ba3-11eb-8455-0242ac190002,2021-04-12 15:25:52,https://github.com/elastic/elasticsearch/issues/1118,memory,4.5,elastic/elasticsearch,1118
20,fd0d37e6-9b6c-11eb-8455-0242ac190002,2021-04-12 08:56:36,https://github.com/netty/netty/issues/4760,other,58.7,netty/netty,4760
21,fd0d37e6-9b6c-11eb-8455-0242ac190002,2021-04-12 08:56:36,https://github.com/bazelbuild/bazel/issues/5402,concurrency,23.5,bazelbuild/bazel,5402
22,fd0d37e6-9b6c-11eb-8455-0242ac190002,2021-04-12 08:56:36,https://github.com/DiUS/pact-jvm/issues/196,semantic,42.4,DiUS/pact-jvm,196
23,fd0d37e6-9b6c-11eb-8455-0242ac190002,2021-04-12 08:56:36,https://github.com/spring-projects/spring-boot/issues/18910,semantic,30.0,spring-projects/spring-boot,18910
24,fd0d37e6-9b6c-11eb-8455-0242ac190002,2021-04-12 08:56:36,https://github.com/bytedeco/javacv/issues/1179,other,10.5,bytedeco/javacv,1179
25,fd0d37e6-9b6c-11eb-8455-0242ac190002,2021-04-12 08:56:36,https://github.com/graphhopper/graphhopper/issues/743,concurrency,20.4,graphhopper/graphhopper,743
26,fd0d37e6-9b6c-11eb-8455-0242ac190002,2021-04-12 08:56:36,https://github.com/redisson/redisson/issues/1268,concurrency,8.8,redisson/redisson,1268
27,fd0d37e6-9b6c-11eb-8455-0242ac190002,2021-04-12 08:56:36,https://github.com/spring-projects/spring-session/issues/268,other,22.3,spring-projects/spring-session,268
28,fd0d37e6-9b6c-11eb-8455-0242ac190002,2021-04-12 08:56:36,https://github.com/eclipse/jetty.project/issues/355,semantic,16.9,eclipse/jetty.project,355
29,fd0d37e6-9b6c-11eb-8455-0242ac190002,2021-04-12 08:56:36,https://github.com/spring-projects/spring-boot/issues/8584,concurrency,7.9,spring-projects/spring-boot,8584
30,0b8bb422-3af2-11eb-8f89-0242ac190002,2020-12-10 14:14:41,https://github.com/haraldk/TwelveMonkeys/issues/399,semantic,200.6,haraldk/TwelveMonkeys,399
31,0b8bb422-3af2-11eb-8f89-0242ac190002,2020-12-10 14:14:41,https://github.com/netty/netty/issues/2644,memory,21.5,netty/netty,2644
32,0b8bb422-3af2-11eb-8f89-0242ac190002,2020-12-10 14:14:41,https://github.com/eclipse/elk/issues/252,memory,23.2,eclipse/elk,252
33,0b8bb422-3af2-11eb-8f89-0242ac190002,2020-12-10 14:14:41,https://github.com/redisson/redisson/issues/2304,concurrency,4.7,redisson/redisson,2304
34,0b8bb422-3af2-11eb-8f89-0242ac190002,2020-12-10 14:14:41,https://github.com/redisson/redisson/issues/1927,memory,8.1,redisson/redisson,1927
35,0b8bb422-3af2-11eb-8f89-0242ac190002,2020-12-10 14:14:41,https://github.com/jhipster/generator-jhipster/issues/1812,semantic,31.3,jhipster/generator-jhipster,1812
36,0b8bb422-3af2-11eb-8f89-0242ac190002,2020-12-10 14:14:41,https://github.com/naver/pinpoint/issues/3369,concurrency,28.9,naver/pinpoint,3369
37,0b8bb422-3af2-11eb-8f89-0242ac190002,2020-12-10 14:14:41,https://github.com/oracle/graal/issues/2450,other,9.4,oracle/graal,2450
38,0b8bb422-3af2-11eb-8f89-0242ac190002,2020-12-10 14:14:41,https://github.com/hazelcast/hazelcast/issues/14087,memory,7.9,hazelcast/hazelcast,14087
39,0b8bb422-3af2-11eb-8f89-0242ac190002,2020-12-10 14:14:41,https://github.com/bytedeco/javacv/issues/1179,semantic,29.2,bytedeco/javacv,1179
40,751898b8-446d-11eb-8f89-0242ac190002,2020-12-22 15:50:47,https://github.com/elastic/elasticsearch/issues/3820,other,47.7,elastic/elasticsearch,3820
41,751898b8-446d-11eb-8f89-0242ac190002,2020-12-22 15:50:47,https://github.com/eclipse/ice/issues/373,semantic,38.5,eclipse/ice,373
42,751898b8-446d-11eb-8f89-0242ac190002,2020-12-22 15:50:47,https://github.com/elastic/elasticsearch/issues/7623,concurrency,38.8,elastic/elasticsearch,7623
43,751898b8-446d-11eb-8f89-0242ac190002,2020-12-22 15:50:47,https://github.com/hazelcast/hazelcast/issues/16482,memory,27.2,hazelcast/hazelcast,16482
44,751898b8-446d-11eb-8f89-0242ac190002,2020-12-22 15:50:47,https://github.com/netty/netty/issues/1975,memory,18.6,netty/netty,1975
45,751898b8-446d-11eb-8f89-0242ac190002,2020-12-22 15:50:47,https://github.com/AsyncHttpClient/async-http-client/issues/1314,semantic,26.1,AsyncHttpClient/async-http-client,1314
46,751898b8-446d-11eb-8f89-0242ac190002,2020-12-22 15:50:47,https://github.com/Automattic/simplenote-android/issues/213,concurrency,9.6,Automattic/simplenote-android,213
47,751898b8-446d-11eb-8f89-0242ac190002,2020-12-22 15:50:47,https://github.com/spring-projects/spring-session/issues/268,semantic,6.5,spring-projects/spring-session,268
48,751898b8-446d-11eb-8f89-0242ac190002,2020-12-22 15:50:47,https://github.com/eclipse/elk/issues/252,semantic,44.6,eclipse/elk,252
49,751898b8-446d-11eb-8f89-0242ac190002,2020-12-22 15:50:47,https://github.com/JodaOrg/joda-time/issues/44,concurrency,5.9,JodaOrg/joda-time,44
60,9a6126b0-9b68-11eb-8455-0242ac190002,2021-04-12 08:25:13,https://github.com/spring-projects/spring-boot/issues/2341,semantic,34.4,spring-projects/spring-boot,2341
61,9a6126b0-9b68-11eb-8455-0242ac190002,2021-04-12 08:25:13,https://github.com/netty/netty/issues/4760,memory,11.9,netty/netty,4760
62,9a6126b0-9b68-11eb-8455-0242ac190002,2021-04-12 08:25:13,https://github.com/spring-projects/spring-framework/issues/24346,memory,12.3,spring-projects/spring-framework,24346
63,9a6126b0-9b68-11eb-8455-0242ac190002,2021-04-12 08:25:13,https://github.com/jankotek/mapdb/issues/479,concurrency,14.5,jankotek/mapdb,479
64,9a6126b0-9b68-11eb-8455-0242ac190002,2021-04-12 08:25:13,https://github.com/netty/netty/issues/7178,other,23.4,netty/netty,7178
65,9a6126b0-9b68-11eb-8455-0242ac190002,2021-04-12 08:25:13,https://github.com/grpc/grpc-java/issues/4198,semantic,13.4,grpc/grpc-java,4198
66,9a6126b0-9b68-11eb-8455-0242ac190002,2021-04-12 08:25:13,https://github.com/spring-projects/spring-batch/issues/3692,other,13.6,spring-projects/spring-batch,3692
67,9a6126b0-9b68-11eb-8455-0242ac190002,2021-04-12 08:25:13,https://github.com/spring-projects/spring-session/issues/268,other,12.2,spring-projects/spring-session,268
68,9a6126b0-9b68-11eb-8455-0242ac190002,2021-04-12 08:25:13,https://github.com/netty/netty/issues/258,semantic,29.7,netty/netty,258
69,9a6126b0-9b68-11eb-8455-0242ac190002,2021-04-12 08:25:13,https://github.com/spring-projects/spring-security/issues/4769,other,3.7,spring-projects/spring-security,4769
70,830bc12c-9b82-11eb-8455-0242ac190002,2021-04-12 11:30:41,https://github.com/netty/netty/issues/4265,semantic,72.0,netty/netty,4265
71,830bc12c-9b82-11eb-8455-0242ac190002,2021-04-12 11:30:41,https://github.com/apache/incubator-dolphinscheduler/issues/1420,other,2056.6,apache/incubator-dolphinscheduler,1420
72,830bc12c-9b82-11eb-8455-0242ac190002,2021-04-12 11:30:41,https://github.com/netty/netty/issues/7617,concurrency,20.6,netty/netty,7617
73,830bc12c-9b82-11eb-8455-0242ac190002,2021-04-12 11:30:41,https://github.com/reactor/reactor-core/issues/301,semantic,73.8,reactor/reactor-core,301
74,830bc12c-9b82-11eb-8455-0242ac190002,2021-04-12 11:30:41,https://github.com/brettwooldridge/HikariCP/issues/148,memory,41.2,brettwooldridge/HikariCP,148
75,830bc12c-9b82-11eb-8455-0242ac190002,2021-04-12 11:30:41,https://github.com/spring-projects/spring-boot/issues/10496,concurrency,20.0,spring-projects/spring-boot,10496
76,830bc12c-9b82-11eb-8455-0242ac190002,2021-04-12 11:30:41,https://github.com/spring-projects/spring-framework/issues/24605,other,13.4,spring-projects/spring-framework,24605
77,830bc12c-9b82-11eb-8455-0242ac190002,2021-04-12 11:30:41,https://github.com/skylot/jadx/issues/743,concurrency,18.4,skylot/jadx,743
78,830bc12c-9b82-11eb-8455-0242ac190002,2021-04-12 11:30:41,https://github.com/netty/netty/issues/2544,semantic,41.0,netty/netty,2544
79,830bc12c-9b82-11eb-8455-0242ac190002,2021-04-12 11:30:41,https://github.com/netty/netty/issues/2013,concurrency,12.2,netty/netty,2013
110,4fe08f56-42bf-11eb-8f89-0242ac190002,2020-12-20 12:31:41,https://github.com/bazelbuild/bazel/issues/4398,other,44.9,bazelbuild/bazel,4398
111,4fe08f56-42bf-11eb-8f89-0242ac190002,2020-12-20 12:31:41,https://github.com/spring-projects/spring-framework/issues/24339,memory,4.8,spring-projects/spring-framework,24339
112,4fe08f56-42bf-11eb-8f89-0242ac190002,2020-12-20 12:31:41,https://github.com/spring-projects/spring-session/issues/1025,other,7.3,spring-projects/spring-session,1025
113,4fe08f56-42bf-11eb-8f89-0242ac190002,2020-12-20 12:31:41,https://github.com/spring-projects/spring-boot/issues/1061,concurrency,5.0,spring-projects/spring-boot,1061
114,4fe08f56-42bf-11eb-8f89-0242ac190002,2020-12-20 12:31:41,https://github.com/eclipse/che/issues/11287,memory,18.4,eclipse/che,11287
115,4fe08f56-42bf-11eb-8f89-0242ac190002,2020-12-20 12:31:41,https://github.com/square/okhttp/issues/4875,memory,10.3,square/okhttp,4875
116,4fe08f56-42bf-11eb-8f89-0242ac190002,2020-12-20 12:31:41,https://github.com/spring-projects/spring-framework/issues/22603,memory,1778.2,spring-projects/spring-framework,22603
117,4fe08f56-42bf-11eb-8f89-0242ac190002,2020-12-20 12:31:41,https://github.com/netty/netty/issues/1524,memory,12.3,netty/netty,1524
118,4fe08f56-42bf-11eb-8f89-0242ac190002,2020-12-20 12:31:41,https://github.com/spring-projects/spring-batch/issues/766,memory,25.8,spring-projects/spring-batch,766
119,4fe08f56-42bf-11eb-8f89-0242ac190002,2020-12-20 12:31:41,https://github.com/eclipse/jetty.project/issues/365,concurrency,37.5,eclipse/jetty.project,365
120,5f8f0e4a-9b6c-11eb-8455-0242ac190002,2021-04-12 08:52:12,https://github.com/eclipse/hono/issues/1105,semantic,105.3,eclipse/hono,1105
121,5f8f0e4a-9b6c-11eb-8455-0242ac190002,2021-04-12 08:52:12,https://github.com/jankotek/mapdb/issues/561,semantic,61.0,jankotek/mapdb,561
122,5f8f0e4a-9b6c-11eb-8455-0242ac190002,2021-04-12 08:52:12,https://github.com/netty/netty/issues/2086,concurrency,55.6,netty/netty,2086
123,5f8f0e4a-9b6c-11eb-8455-0242ac190002,2021-04-12 08:52:12,https://github.com/JodaOrg/joda-time/issues/44,memory,29.7,JodaOrg/joda-time,44
124,5f8f0e4a-9b6c-11eb-8455-0242ac190002,2021-04-12 08:52:12,https://github.com/spring-projects/spring-boot/issues/14665,semantic,41.6,spring-projects/spring-boot,14665
125,5f8f0e4a-9b6c-11eb-8455-0242ac190002,2021-04-12 08:52:12,https://github.com/netty/netty/issues/4829,memory,36.4,netty/netty,4829
126,5f8f0e4a-9b6c-11eb-8455-0242ac190002,2021-04-12 08:52:12,https://github.com/spring-projects/spring-security/issues/5724,semantic,22.8,spring-projects/spring-security,5724
127,5f8f0e4a-9b6c-11eb-8455-0242ac190002,2021-04-12 08:52:12,https://github.com/redisson/redisson/issues/106,memory,164.9,redisson/redisson,106
128,5f8f0e4a-9b6c-11eb-8455-0242ac190002,2021-04-12 08:52:12,https://github.com/realm/realm-java/issues/1728,memory,39.4,realm/realm-java,1728
129,5f8f0e4a-9b6c-11eb-8455-0242ac190002,2021-04-12 08:52:12,https://github.com/spring-projects/spring-boot/issues/1061,semantic,57.5,spring-projects/spring-boot,1061
140,01f8a23e-6208-11eb-8f89-0242ac190002,2021-01-29 08:00:09,https://github.com/checkstyle/checkstyle/issues/3507,semantic,48.1,checkstyle/checkstyle,3507
141,01f8a23e-6208-11eb-8f89-0242ac190002,2021-01-29 08:00:09,https://github.com/AsyncHttpClient/async-http-client/issues/1028,semantic,27.7,AsyncHttpClient/async-http-client,1028
142,01f8a23e-6208-11eb-8f89-0242ac190002,2021-01-29 08:00:09,https://github.com/AsyncHttpClient/async-http-client/issues/1049,concurrency,5.6,AsyncHttpClient/async-http-client,1049
143,01f8a23e-6208-11eb-8f89-0242ac190002,2021-01-29 08:00:09,https://github.com/bazelbuild/bazel/issues/5512,memory,18.1,bazelbuild/bazel,5512
144,01f8a23e-6208-11eb-8f89-0242ac190002,2021-01-29 08:00:09,https://github.com/spring-projects/spring-session/issues/1025,other,20.3,spring-projects/spring-session,1025
145,01f8a23e-6208-11eb-8f89-0242ac190002,2021-01-29 08:00:09,https://github.com/checkstyle/checkstyle/issues/3013,semantic,50.7,checkstyle/checkstyle,3013
146,01f8a23e-6208-11eb-8f89-0242ac190002,2021-01-29 08:00:09,https://github.com/netty/netty/issues/834,memory,22.7,netty/netty,834
147,01f8a23e-6208-11eb-8f89-0242ac190002,2021-01-29 08:00:09,https://github.com/JodaOrg/joda-time/issues/261,semantic,23.7,JodaOrg/joda-time,261
148,01f8a23e-6208-11eb-8f89-0242ac190002,2021-01-29 08:00:09,https://github.com/google/guava/issues/2743,concurrency,28.8,google/guava,2743
149,01f8a23e-6208-11eb-8f89-0242ac190002,2021-01-29 08:00:09,https://github.com/speedment/speedment/issues/299,concurrency,18.7,speedment/speedment,299
150,84918872-3b30-11eb-8f89-0242ac190002,2020-12-10 21:41:53,https://github.com/jankotek/mapdb/issues/561,other,48.2,jankotek/mapdb,561
151,84918872-3b30-11eb-8f89-0242ac190002,2020-12-10 21:41:53,https://github.com/netty/netty/issues/1524,memory,4.4,netty/netty,1524
152,84918872-3b30-11eb-8f89-0242ac190002,2020-12-10 21:41:53,https://github.com/netty/netty/issues/1878,memory,3.7,netty/netty,1878
153,84918872-3b30-11eb-8f89-0242ac190002,2020-12-10 21:41:53,https://github.com/hazelcast/hazelcast/issues/14358,other,13.1,hazelcast/hazelcast,14358
154,84918872-3b30-11eb-8f89-0242ac190002,2020-12-10 21:41:53,https://github.com/eclipse/hono/issues/1609,other,20.3,eclipse/hono,1609
155,84918872-3b30-11eb-8f89-0242ac190002,2020-12-10 21:41:53,https://github.com/elastic/elasticsearch/issues/4112,other,13.3,elastic/elasticsearch,4112
156,84918872-3b30-11eb-8f89-0242ac190002,2020-12-10 21:41:53,https://github.com/hazelcast/hazelcast/issues/887,concurrency,7.8,hazelcast/hazelcast,887
157,84918872-3b30-11eb-8f89-0242ac190002,2020-12-10 21:41:53,https://github.com/eclipse/jetty.project/issues/1615,other,12.5,eclipse/jetty.project,1615
158,84918872-3b30-11eb-8f89-0242ac190002,2020-12-10 21:41:53,https://github.com/orientechnologies/orientdb/issues/5279,concurrency,8.1,orientechnologies/orientdb,5279
159,84918872-3b30-11eb-8f89-0242ac190002,2020-12-10 21:41:53,https://github.com/spring-projects/spring-session/issues/145,other,19.5,spring-projects/spring-session,145
160,4fbce68c-3ae0-11eb-8f89-0242ac190002,2020-12-10 12:07:44,https://github.com/elastic/elasticsearch/issues/10351,semantic,95.3,elastic/elasticsearch,10351
161,4fbce68c-3ae0-11eb-8f89-0242ac190002,2020-12-10 12:07:44,https://github.com/AsyncHttpClient/async-http-client/issues/1067,memory,53.1,AsyncHttpClient/async-http-client,1067
162,4fbce68c-3ae0-11eb-8f89-0242ac190002,2020-12-10 12:07:44,https://github.com/elastic/elasticsearch/issues/7793,semantic,67.4,elastic/elasticsearch,7793
163,4fbce68c-3ae0-11eb-8f89-0242ac190002,2020-12-10 12:07:44,https://github.com/google/ExoPlayer/issues/2108,memory,8.2,google/ExoPlayer,2108
164,4fbce68c-3ae0-11eb-8f89-0242ac190002,2020-12-10 12:07:44,https://github.com/nextcloud/android/issues/6135,memory,13.0,nextcloud/android,6135
165,4fbce68c-3ae0-11eb-8f89-0242ac190002,2020-12-10 12:07:44,https://github.com/hazelcast/hazelcast/issues/15996,semantic,20.0,hazelcast/hazelcast,15996
166,4fbce68c-3ae0-11eb-8f89-0242ac190002,2020-12-10 12:07:44,https://github.com/skylot/jadx/issues/685,semantic,23.6,skylot/jadx,685
167,4fbce68c-3ae0-11eb-8f89-0242ac190002,2020-12-10 12:07:44,https://github.com/redisson/redisson/issues/2587,memory,4.2,redisson/redisson,2587
168,4fbce68c-3ae0-11eb-8f89-0242ac190002,2020-12-10 12:07:44,https://github.com/netty/netty/issues/1390,concurrency,3.5,netty/netty,1390
169,4fbce68c-3ae0-11eb-8f89-0242ac190002,2020-12-10 12:07:44,https://github.com/netty/netty/issues/5833,memory,8.6,netty/netty,5833
170,a0dbdcce-a144-11eb-8455-0242ac190002,2021-04-19 19:22:49,https://github.com/MenoData/Time4J/issues/807,semantic,42.9,MenoData/Time4J,807
171,a0dbdcce-a144-11eb-8455-0242ac190002,2021-04-19 19:22:49,https://github.com/elastic/elasticsearch/issues/5142,concurrency,10.3,elastic/elasticsearch,5142
172,a0dbdcce-a144-11eb-8455-0242ac190002,2021-04-19 19:22:49,https://github.com/hazelcast/hazelcast/issues/3633,other,4.2,hazelcast/hazelcast,3633
173,a0dbdcce-a144-11eb-8455-0242ac190002,2021-04-19 19:22:49,https://github.com/bazelbuild/bazel/issues/3416,memory,2.8,bazelbuild/bazel,3416
174,a0dbdcce-a144-11eb-8455-0242ac190002,2021-04-19 19:22:49,https://github.com/spring-projects/spring-boot/issues/2220,concurrency,11.2,spring-projects/spring-boot,2220
175,a0dbdcce-a144-11eb-8455-0242ac190002,2021-04-19 19:22:49,https://github.com/netty/netty/issues/300,semantic,5.7,netty/netty,300
176,a0dbdcce-a144-11eb-8455-0242ac190002,2021-04-19 19:22:49,https://github.com/spring-projects/spring-boot/issues/14464,memory,10.5,spring-projects/spring-boot,14464
177,a0dbdcce-a144-11eb-8455-0242ac190002,2021-04-19 19:22:49,https://github.com/jankotek/mapdb/issues/36,concurrency,6.6,jankotek/mapdb,36
178,a0dbdcce-a144-11eb-8455-0242ac190002,2021-04-19 19:22:49,https://github.com/hazelcast/hazelcast/issues/14215,other,7.3,hazelcast/hazelcast,14215
179,a0dbdcce-a144-11eb-8455-0242ac190002,2021-04-19 19:22:49,https://github.com/eclipse/elk/issues/252,semantic,10.3,eclipse/elk,252
180,a97f617c-42ba-11eb-8f89-0242ac190002,2020-12-20 11:58:23,https://github.com/BroadleafCommerce/BroadleafCommerce/issues/705,memory,16.8,BroadleafCommerce/BroadleafCommerce,705
181,a97f617c-42ba-11eb-8f89-0242ac190002,2020-12-20 11:58:23,https://github.com/checkstyle/checkstyle/issues/3210,semantic,56.8,checkstyle/checkstyle,3210
182,a97f617c-42ba-11eb-8f89-0242ac190002,2020-12-20 11:58:23,https://github.com/spring-projects/spring-boot/issues/2220,concurrency,13.2,spring-projects/spring-boot,2220
183,a97f617c-42ba-11eb-8f89-0242ac190002,2020-12-20 11:58:23,https://github.com/spring-projects/spring-boot/issues/4627,other,32.9,spring-projects/spring-boot,4627
184,a97f617c-42ba-11eb-8f89-0242ac190002,2020-12-20 11:58:23,https://github.com/spring-projects/spring-batch/issues/3717,other,46.3,spring-projects/spring-batch,3717
185,a97f617c-42ba-11eb-8f89-0242ac190002,2020-12-20 11:58:23,https://github.com/spring-projects/spring-boot/issues/10496,concurrency,38.0,spring-projects/spring-boot,10496
186,a97f617c-42ba-11eb-8f89-0242ac190002,2020-12-20 11:58:23,https://github.com/spring-projects/spring-boot/issues/18936,other,118.7,spring-projects/spring-boot,18936
187,a97f617c-42ba-11eb-8f89-0242ac190002,2020-12-20 11:58:23,https://github.com/apache/pulsar/issues/6900,memory,16.1,apache/pulsar,6900
188,a97f617c-42ba-11eb-8f89-0242ac190002,2020-12-20 11:58:23,https://github.com/bazelbuild/bazel/issues/1159,memory,11.9,bazelbuild/bazel,1159
189,a97f617c-42ba-11eb-8f89-0242ac190002,2020-12-20 11:58:23,https://github.com/spring-projects/spring-session/issues/268,other,9.9,spring-projects/spring-session,268
200,890bcc62-9ba9-11eb-8455-0242ac190002,2021-04-12 16:10:01,https://github.com/intuit/karate/issues/198,memory,40.0,intuit/karate,198
201,890bcc62-9ba9-11eb-8455-0242ac190002,2021-04-12 16:10:01,https://github.com/elastic/elasticsearch/issues/34307,other,76.2,elastic/elasticsearch,34307
202,890bcc62-9ba9-11eb-8455-0242ac190002,2021-04-12 16:10:01,https://github.com/orientechnologies/orientdb/issues/7418,semantic,33.5,orientechnologies/orientdb,7418
203,890bcc62-9ba9-11eb-8455-0242ac190002,2021-04-12 16:10:01,https://github.com/elastic/elasticsearch/issues/13872,semantic,18.8,elastic/elasticsearch,13872
204,890bcc62-9ba9-11eb-8455-0242ac190002,2021-04-12 16:10:01,https://github.com/redisson/redisson/issues/515,semantic,15.9,redisson/redisson,515
205,890bcc62-9ba9-11eb-8455-0242ac190002,2021-04-12 16:10:01,https://github.com/elastic/elasticsearch/issues/1081,memory,15.6,elastic/elasticsearch,1081
206,890bcc62-9ba9-11eb-8455-0242ac190002,2021-04-12 16:10:01,https://github.com/grpc/grpc-java/issues/598,concurrency,13.6,grpc/grpc-java,598
207,890bcc62-9ba9-11eb-8455-0242ac190002,2021-04-12 16:10:01,https://github.com/facebook/fresco/issues/2039,semantic,18.5,facebook/fresco,2039
208,890bcc62-9ba9-11eb-8455-0242ac190002,2021-04-12 16:10:01,https://github.com/eclipse/n4js/issues/84,other,8.0,eclipse/n4js,84
209,890bcc62-9ba9-11eb-8455-0242ac190002,2021-04-12 16:10:01,https://github.com/apache/pulsar/issues/6100,semantic,19.4,apache/pulsar,6100
250,40d8e738-612d-11eb-8f89-0242ac190002,2021-01-28 05:54:15,https://github.com/bazelbuild/bazel/issues/1160,other,74.6,bazelbuild/bazel,1160
251,40d8e738-612d-11eb-8f89-0242ac190002,2021-01-28 05:54:15,https://github.com/netty/netty/issues/1380,other,88.9,netty/netty,1380
252,40d8e738-612d-11eb-8f89-0242ac190002,2021-01-28 05:54:15,https://github.com/bytedeco/javacv/issues/1179,other,68.5,bytedeco/javacv,1179
253,40d8e738-612d-11eb-8f89-0242ac190002,2021-01-28 05:54:15,https://github.com/reactor/reactor-core/issues/1070,memory,93.7,reactor/reactor-core,1070
254,40d8e738-612d-11eb-8f89-0242ac190002,2021-01-28 05:54:15,https://github.com/facebook/fresco/issues/1504,concurrency,83.9,facebook/fresco,1504
255,40d8e738-612d-11eb-8f89-0242ac190002,2021-01-28 05:54:15,https://github.com/netty/netty/issues/1181,concurrency,22.9,netty/netty,1181
256,40d8e738-612d-11eb-8f89-0242ac190002,2021-01-28 05:54:15,https://github.com/spring-projects/spring-session/issues/952,other,15.0,spring-projects/spring-session,952
257,40d8e738-612d-11eb-8f89-0242ac190002,2021-01-28 05:54:15,https://github.com/elastic/elasticsearch/issues/10351,semantic,56.0,elastic/elasticsearch,10351
258,40d8e738-612d-11eb-8f89-0242ac190002,2021-01-28 05:54:15,https://github.com/bazelbuild/bazel/issues/4262,semantic,57.3,bazelbuild/bazel,4262
259,40d8e738-612d-11eb-8f89-0242ac190002,2021-01-28 05:54:15,https://github.com/eclipse/hono/issues/454,memory,43.2,eclipse/hono,454
260,4b0b624c-5739-11eb-8f89-0242ac190002,2021-01-15 13:55:14,https://github.com/orientechnologies/orientdb/issues/6380,concurrency,16.1,orientechnologies/orientdb,6380
261,4b0b624c-5739-11eb-8f89-0242ac190002,2021-01-15 13:55:14,https://github.com/codenameone/CodenameOne/issues/1408,semantic,11.5,codenameone/CodenameOne,1408
262,4b0b624c-5739-11eb-8f89-0242ac190002,2021-01-15 13:55:14,https://github.com/hazelcast/hazelcast/issues/14087,memory,9.3,hazelcast/hazelcast,14087
263,4b0b624c-5739-11eb-8f89-0242ac190002,2021-01-15 13:55:14,https://github.com/jhipster/generator-jhipster/issues/269,semantic,6.3,jhipster/generator-jhipster,269
264,4b0b624c-5739-11eb-8f89-0242ac190002,2021-01-15 13:55:14,https://github.com/spring-projects/spring-boot/issues/14464,semantic,23.9,spring-projects/spring-boot,14464
265,4b0b624c-5739-11eb-8f89-0242ac190002,2021-01-15 13:55:14,https://github.com/eclipse/lemminx/issues/574,semantic,20.1,eclipse/lemminx,574
266,4b0b624c-5739-11eb-8f89-0242ac190002,2021-01-15 13:55:14,https://github.com/AsyncHttpClient/async-http-client/issues/1314,semantic,31.3,AsyncHttpClient/async-http-client,1314
267,4b0b624c-5739-11eb-8f89-0242ac190002,2021-01-15 13:55:14,https://github.com/elastic/elasticsearch/issues/18164,other,17.8,elastic/elasticsearch,18164
268,4b0b624c-5739-11eb-8f89-0242ac190002,2021-01-15 13:55:14,https://github.com/grpc/grpc-java/issues/6850,memory,10.4,grpc/grpc-java,6850
269,4b0b624c-5739-11eb-8f89-0242ac190002,2021-01-15 13:55:14,https://github.com/bazelbuild/bazel/issues/5512,memory,5.9,bazelbuild/bazel,5512
270,e106342e-9b87-11eb-8455-0242ac190002,2021-04-12 12:09:06,https://github.com/OpenRefine/OpenRefine/issues/2286,concurrency,61.4,OpenRefine/OpenRefine,2286
271,e106342e-9b87-11eb-8455-0242ac190002,2021-04-12 12:09:06,https://github.com/naver/pinpoint/issues/5261,memory,56.3,naver/pinpoint,5261
272,e106342e-9b87-11eb-8455-0242ac190002,2021-04-12 12:09:06,https://github.com/spring-projects/spring-boot/issues/4627,semantic,23.3,spring-projects/spring-boot,4627
273,e106342e-9b87-11eb-8455-0242ac190002,2021-04-12 12:09:06,https://github.com/junit-team/junit5/issues/1289,semantic,53.7,junit-team/junit5,1289
274,e106342e-9b87-11eb-8455-0242ac190002,2021-04-12 12:09:06,https://github.com/netty/netty/issues/4198,memory,4.5,netty/netty,4198
275,e106342e-9b87-11eb-8455-0242ac190002,2021-04-12 12:09:06,https://github.com/checkstyle/checkstyle/issues/4927,concurrency,15.9,checkstyle/checkstyle,4927
276,e106342e-9b87-11eb-8455-0242ac190002,2021-04-12 12:09:06,https://github.com/spring-projects/spring-boot/issues/2341,memory,12.3,spring-projects/spring-boot,2341
277,e106342e-9b87-11eb-8455-0242ac190002,2021-04-12 12:09:06,https://github.com/reactor/reactor-core/issues/1973,concurrency,9.9,reactor/reactor-core,1973
278,e106342e-9b87-11eb-8455-0242ac190002,2021-04-12 12:09:06,https://github.com/reactor/reactor-core/issues/1070,memory,21.0,reactor/reactor-core,1070
279,e106342e-9b87-11eb-8455-0242ac190002,2021-04-12 12:09:06,https://github.com/brettwooldridge/HikariCP/issues/465,concurrency,28.3,brettwooldridge/HikariCP,465
280,3a7dd0a2-5b23-11eb-8f89-0242ac190002,2021-01-20 13:27:22,https://github.com/checkstyle/checkstyle/issues/3013,semantic,63.5,checkstyle/checkstyle,3013
281,3a7dd0a2-5b23-11eb-8f89-0242ac190002,2021-01-20 13:27:22,https://github.com/elastic/elasticsearch/issues/21226,other,47.0,elastic/elasticsearch,21226
282,3a7dd0a2-5b23-11eb-8f89-0242ac190002,2021-01-20 13:27:22,https://github.com/speedment/speedment/issues/322,memory,14.9,speedment/speedment,322
283,3a7dd0a2-5b23-11eb-8f89-0242ac190002,2021-01-20 13:27:22,https://github.com/hazelcast/hazelcast/issues/14087,memory,11.9,hazelcast/hazelcast,14087
284,3a7dd0a2-5b23-11eb-8f89-0242ac190002,2021-01-20 13:27:22,https://github.com/eclipse/elk/issues/268,semantic,13.6,eclipse/elk,268
285,3a7dd0a2-5b23-11eb-8f89-0242ac190002,2021-01-20 13:27:22,https://github.com/AsyncHttpClient/async-http-client/issues/534,concurrency,18.7,AsyncHttpClient/async-http-client,534
286,3a7dd0a2-5b23-11eb-8f89-0242ac190002,2021-01-20 13:27:22,https://github.com/apache/pulsar/issues/6100,other,34.5,apache/pulsar,6100
287,3a7dd0a2-5b23-11eb-8f89-0242ac190002,2021-01-20 13:27:22,https://github.com/eclipse/kapua/issues/976,other,17.1,eclipse/kapua,976
288,3a7dd0a2-5b23-11eb-8f89-0242ac190002,2021-01-20 13:27:22,https://github.com/nextcloud/android/issues/305,memory,8.5,nextcloud/android,305
289,3a7dd0a2-5b23-11eb-8f89-0242ac190002,2021-01-20 13:27:22,https://github.com/netty/netty/issues/278,semantic,37.4,netty/netty,278
290,31afad22-9b7b-11eb-8455-0242ac190002,2021-04-12 10:38:18,https://github.com/requery/requery/issues/75,other,43.6,requery/requery,75
291,31afad22-9b7b-11eb-8455-0242ac190002,2021-04-12 10:38:18,https://github.com/netty/netty/issues/834,memory,62.0,netty/netty,834
292,31afad22-9b7b-11eb-8455-0242ac190002,2021-04-12 10:38:18,https://github.com/apache/pulsar/issues/6900,other,58.4,apache/pulsar,6900
293,31afad22-9b7b-11eb-8455-0242ac190002,2021-04-12 10:38:18,https://github.com/bazelbuild/bazel/issues/5513,concurrency,12.6,bazelbuild/bazel,5513
294,31afad22-9b7b-11eb-8455-0242ac190002,2021-04-12 10:38:18,https://github.com/netty/netty/issues/1175,concurrency,7.1,netty/netty,1175
295,31afad22-9b7b-11eb-8455-0242ac190002,2021-04-12 10:38:18,https://github.com/spring-projects/spring-security/issues/4769,semantic,12.1,spring-projects/spring-security,4769
296,31afad22-9b7b-11eb-8455-0242ac190002,2021-04-12 10:38:18,https://github.com/google/guava/issues/1977,concurrency,7.0,google/guava,1977
297,31afad22-9b7b-11eb-8455-0242ac190002,2021-04-12 10:38:18,https://github.com/graphhopper/graphhopper/issues/743,semantic,19.9,graphhopper/graphhopper,743
298,31afad22-9b7b-11eb-8455-0242ac190002,2021-04-12 10:38:18,https://github.com/junit-team/junit5/issues/1690,semantic,18.2,junit-team/junit5,1690
299,31afad22-9b7b-11eb-8455-0242ac190002,2021-04-12 10:38:18,https://github.com/eclipse/n4js/issues/560,semantic,27.1,eclipse/n4js,560
300,09219c42-9b69-11eb-8455-0242ac190002,2021-04-12 08:28:19,https://github.com/yegor256/takes/issues/403,other,61.5,yegor256/takes,403
301,09219c42-9b69-11eb-8455-0242ac190002,2021-04-12 08:28:19,https://github.com/elastic/elasticsearch/issues/16887,other,28.4,elastic/elasticsearch,16887
302,09219c42-9b69-11eb-8455-0242ac190002,2021-04-12 08:28:19,https://github.com/requery/requery/issues/136,semantic,41.1,requery/requery,136
303,09219c42-9b69-11eb-8455-0242ac190002,2021-04-12 08:28:19,https://github.com/hazelcast/hazelcast/issues/14358,memory,109.0,hazelcast/hazelcast,14358
304,09219c42-9b69-11eb-8455-0242ac190002,2021-04-12 08:28:19,https://github.com/spring-projects/spring-session/issues/389,other,6.8,spring-projects/spring-session,389
305,09219c42-9b69-11eb-8455-0242ac190002,2021-04-12 08:28:19,https://github.com/netty/netty/issues/8814,memory,18.5,netty/netty,8814
306,09219c42-9b69-11eb-8455-0242ac190002,2021-04-12 08:28:19,https://github.com/spring-projects/spring-session/issues/665,memory,18.7,spring-projects/spring-session,665
307,09219c42-9b69-11eb-8455-0242ac190002,2021-04-12 08:28:19,https://github.com/netty/netty/issues/5372,memory,10.7,netty/netty,5372
308,09219c42-9b69-11eb-8455-0242ac190002,2021-04-12 08:28:19,https://github.com/elastic/elasticsearch/issues/7793,other,21.9,elastic/elasticsearch,7793
309,09219c42-9b69-11eb-8455-0242ac190002,2021-04-12 08:28:19,https://github.com/netty/netty/issues/4110,concurrency,9.1,netty/netty,4110
330,801505e0-3b9d-11eb-8f89-0242ac190002,2020-12-11 10:42:00,https://github.com/elastic/elasticsearch/issues/3820,concurrency,52.0,elastic/elasticsearch,3820
331,801505e0-3b9d-11eb-8f89-0242ac190002,2020-12-11 10:42:00,https://github.com/netty/netty/issues/539,other,6.9,netty/netty,539
332,801505e0-3b9d-11eb-8f89-0242ac190002,2020-12-11 10:42:00,https://github.com/spring-projects/spring-boot/issues/6115,memory,7.0,spring-projects/spring-boot,6115
333,801505e0-3b9d-11eb-8f89-0242ac190002,2020-12-11 10:42:00,https://github.com/google/guava/issues/1558,semantic,3.7,google/guava,1558
334,801505e0-3b9d-11eb-8f89-0242ac190002,2020-12-11 10:42:00,https://github.com/naver/pinpoint/issues/2259,semantic,7.2,naver/pinpoint,2259
335,801505e0-3b9d-11eb-8f89-0242ac190002,2020-12-11 10:42:00,https://github.com/netty/netty/issues/5553,concurrency,12.1,netty/netty,5553
336,801505e0-3b9d-11eb-8f89-0242ac190002,2020-12-11 10:42:00,https://github.com/netty/netty/issues/7607,memory,14.5,netty/netty,7607
337,801505e0-3b9d-11eb-8f89-0242ac190002,2020-12-11 10:42:00,https://github.com/eclipse/n4js/issues/1443,other,8.3,eclipse/n4js,1443
338,801505e0-3b9d-11eb-8f89-0242ac190002,2020-12-11 10:42:00,https://github.com/haraldk/TwelveMonkeys/issues/172,other,3.6,haraldk/TwelveMonkeys,172
339,801505e0-3b9d-11eb-8f89-0242ac190002,2020-12-11 10:42:00,https://github.com/netty/netty/issues/6481,concurrency,5.3,netty/netty,6481
350,217f2296-9b69-11eb-8455-0242ac190002,2021-04-12 08:29:00,https://github.com/netty/netty/issues/1508,memory,60.2,netty/netty,1508
351,217f2296-9b69-11eb-8455-0242ac190002,2021-04-12 08:29:00,https://github.com/checkstyle/checkstyle/issues/2811,semantic,29.6,checkstyle/checkstyle,2811
352,217f2296-9b69-11eb-8455-0242ac190002,2021-04-12 08:29:00,https://github.com/mapsforge/mapsforge/issues/920,semantic,10.6,mapsforge/mapsforge,920
353,217f2296-9b69-11eb-8455-0242ac190002,2021-04-12 08:29:00,https://github.com/junit-team/junit5/issues/1289,concurrency,8.8,junit-team/junit5,1289
354,217f2296-9b69-11eb-8455-0242ac190002,2021-04-12 08:29:00,https://github.com/JodaOrg/joda-time/issues/309,concurrency,7.4,JodaOrg/joda-time,309
355,217f2296-9b69-11eb-8455-0242ac190002,2021-04-12 08:29:00,https://github.com/haraldk/TwelveMonkeys/issues/492,semantic,5.1,haraldk/TwelveMonkeys,492
356,217f2296-9b69-11eb-8455-0242ac190002,2021-04-12 08:29:00,https://github.com/JodaOrg/joda-time/issues/18,semantic,5.4,JodaOrg/joda-time,18
357,217f2296-9b69-11eb-8455-0242ac190002,2021-04-12 08:29:00,https://github.com/mapsforge/mapsforge/issues/753,concurrency,24.5,mapsforge/mapsforge,753
358,217f2296-9b69-11eb-8455-0242ac190002,2021-04-12 08:29:00,https://github.com/naver/pinpoint/issues/5261,memory,21.9,naver/pinpoint,5261
359,217f2296-9b69-11eb-8455-0242ac190002,2021-04-12 08:29:00,https://github.com/jankotek/mapdb/issues/36,memory,4.4,jankotek/mapdb,36
360,3d6437ce-9b70-11eb-8455-0242ac190002,2021-04-12 09:19:53,https://github.com/redisson/redisson/issues/2217,semantic,49.3,redisson/redisson,2217
361,3d6437ce-9b70-11eb-8455-0242ac190002,2021-04-12 09:19:53,https://github.com/reactor/reactor-core/issues/301,semantic,43.4,reactor/reactor-core,301
362,3d6437ce-9b70-11eb-8455-0242ac190002,2021-04-12 09:19:53,https://github.com/codenameone/CodenameOne/issues/1505,memory,50.0,codenameone/CodenameOne,1505
363,3d6437ce-9b70-11eb-8455-0242ac190002,2021-04-12 09:19:53,https://github.com/netty/netty/issues/588,semantic,58.7,netty/netty,588
364,3d6437ce-9b70-11eb-8455-0242ac190002,2021-04-12 09:19:53,https://github.com/eclipse/n4js/issues/560,semantic,51.0,eclipse/n4js,560
365,3d6437ce-9b70-11eb-8455-0242ac190002,2021-04-12 09:19:53,https://github.com/elastic/elasticsearch/issues/4712,semantic,43.1,elastic/elasticsearch,4712
366,3d6437ce-9b70-11eb-8455-0242ac190002,2021-04-12 09:19:53,https://github.com/spring-projects/spring-boot/issues/139,semantic,7.2,spring-projects/spring-boot,139
367,3d6437ce-9b70-11eb-8455-0242ac190002,2021-04-12 09:19:53,https://github.com/eclipse/hono/issues/231,memory,17.3,eclipse/hono,231
368,3d6437ce-9b70-11eb-8455-0242ac190002,2021-04-12 09:19:53,https://github.com/pmd/pmd/issues/1695,other,14.6,pmd/pmd,1695
369,3d6437ce-9b70-11eb-8455-0242ac190002,2021-04-12 09:19:53,https://github.com/jankotek/mapdb/issues/381,memory,25.8,jankotek/mapdb,381
370,fc73da14-a0fe-11eb-8455-0242ac190002,2021-04-19 11:04:18,https://github.com/brettwooldridge/HikariCP/issues/236,concurrency,28.5,brettwooldridge/HikariCP,236
371,fc73da14-a0fe-11eb-8455-0242ac190002,2021-04-19 11:04:18,https://github.com/netty/netty/issues/3184,concurrency,87.7,netty/netty,3184
372,fc73da14-a0fe-11eb-8455-0242ac190002,2021-04-19 11:04:18,https://github.com/elastic/elasticsearch/issues/23048,concurrency,59.6,elastic/elasticsearch,23048
373,fc73da14-a0fe-11eb-8455-0242ac190002,2021-04-19 11:04:18,https://github.com/google/guava/issues/2072,concurrency,4.9,google/guava,2072
374,fc73da14-a0fe-11eb-8455-0242ac190002,2021-04-19 11:04:18,https://github.com/brettwooldridge/HikariCP/issues/19,concurrency,4.0,brettwooldridge/HikariCP,19
375,fc73da14-a0fe-11eb-8455-0242ac190002,2021-04-19 11:04:18,https://github.com/spring-projects/spring-boot/issues/4627,concurrency,2.4,spring-projects/spring-boot,4627
376,fc73da14-a0fe-11eb-8455-0242ac190002,2021-04-19 11:04:18,https://github.com/checkstyle/checkstyle/issues/3507,concurrency,2.4,checkstyle/checkstyle,3507
377,fc73da14-a0fe-11eb-8455-0242ac190002,2021-04-19 11:04:18,https://github.com/Automattic/simplenote-android/issues/213,concurrency,1.7,Automattic/simplenote-android,213
378,fc73da14-a0fe-11eb-8455-0242ac190002,2021-04-19 11:04:18,https://github.com/spring-projects/spring-security/issues/3365,concurrency,1.9,spring-projects/spring-security,3365
379,fc73da14-a0fe-11eb-8455-0242ac190002,2021-04-19 11:04:18,https://github.com/jhipster/generator-jhipster/issues/269,concurrency,1.4,jhipster/generator-jhipster,269
400,8936718e-5a3a-11eb-8f89-0242ac190002,2021-01-19 09:41:42,https://github.com/netty/netty/issues/1116,memory,5.2,netty/netty,1116
401,8936718e-5a3a-11eb-8f89-0242ac190002,2021-01-19 09:41:42,https://github.com/naver/pinpoint/issues/5261,semantic,35.7,naver/pinpoint,5261
402,8936718e-5a3a-11eb-8f89-0242ac190002,2021-01-19 09:41:42,https://github.com/Azure/azure-iot-sdk-java/issues/205,semantic,19.0,Azure/azure-iot-sdk-java,205
403,8936718e-5a3a-11eb-8f89-0242ac190002,2021-01-19 09:41:42,https://github.com/spring-projects/spring-boot/issues/433,semantic,38.6,spring-projects/spring-boot,433
404,8936718e-5a3a-11eb-8f89-0242ac190002,2021-01-19 09:41:42,https://github.com/redisson/redisson/issues/2670,semantic,16.9,redisson/redisson,2670
405,8936718e-5a3a-11eb-8f89-0242ac190002,2021-01-19 09:41:42,https://github.com/eclipse/jetty.project/issues/355,concurrency,18.2,eclipse/jetty.project,355
406,8936718e-5a3a-11eb-8f89-0242ac190002,2021-01-19 09:41:42,https://github.com/reactor/reactor-core/issues/320,concurrency,9.8,reactor/reactor-core,320
407,8936718e-5a3a-11eb-8f89-0242ac190002,2021-01-19 09:41:42,https://github.com/DiUS/pact-jvm/issues/196,other,35.5,DiUS/pact-jvm,196
408,8936718e-5a3a-11eb-8f89-0242ac190002,2021-01-19 09:41:42,https://github.com/brettwooldridge/HikariCP/issues/44,memory,6.2,brettwooldridge/HikariCP,44
409,8936718e-5a3a-11eb-8f89-0242ac190002,2021-01-19 09:41:42,https://github.com/brettwooldridge/HikariCP/issues/236,concurrency,58.9,brettwooldridge/HikariCP,236
420,535eab4e-3b95-11eb-8f89-0242ac190002,2020-12-11 09:43:29,https://github.com/eXist-db/exist/issues/1293,memory,62.3,eXist-db/exist,1293
421,535eab4e-3b95-11eb-8f89-0242ac190002,2020-12-11 09:43:29,https://github.com/bazelbuild/bazel/issues/3147,other,30.4,bazelbuild/bazel,3147
422,535eab4e-3b95-11eb-8f89-0242ac190002,2020-12-11 09:43:29,https://github.com/hazelcast/hazelcast/issues/3633,semantic,24.8,hazelcast/hazelcast,3633
423,535eab4e-3b95-11eb-8f89-0242ac190002,2020-12-11 09:43:29,https://github.com/netty/netty/issues/6481,semantic,92.5,netty/netty,6481
424,535eab4e-3b95-11eb-8f89-0242ac190002,2020-12-11 09:43:29,https://github.com/yegor256/takes/issues/403,other,30.5,yegor256/takes,403
425,535eab4e-3b95-11eb-8f89-0242ac190002,2020-12-11 09:43:29,https://github.com/reactor/reactor-core/issues/2050,semantic,23.0,reactor/reactor-core,2050
426,535eab4e-3b95-11eb-8f89-0242ac190002,2020-12-11 09:43:29,https://github.com/spring-projects/spring-boot/issues/2324,semantic,45.7,spring-projects/spring-boot,2324
427,535eab4e-3b95-11eb-8f89-0242ac190002,2020-12-11 09:43:29,https://github.com/junit-team/junit5/issues/1690,other,27.4,junit-team/junit5,1690
428,535eab4e-3b95-11eb-8f89-0242ac190002,2020-12-11 09:43:29,https://github.com/spring-projects/spring-security/issues/6521,semantic,31.0,spring-projects/spring-security,6521
429,535eab4e-3b95-11eb-8f89-0242ac190002,2020-12-11 09:43:29,https://github.com/redisson/redisson/issues/2306,memory,22.5,redisson/redisson,2306
440,8f13bb22-5ef7-11eb-8f89-0242ac190002,2021-01-25 10:24:51,https://github.com/spring-projects/spring-boot/issues/18936,semantic,98.4,spring-projects/spring-boot,18936
441,8f13bb22-5ef7-11eb-8f89-0242ac190002,2021-01-25 10:24:51,https://github.com/netty/netty/issues/1975,memory,25.2,netty/netty,1975
442,8f13bb22-5ef7-11eb-8f89-0242ac190002,2021-01-25 10:24:51,https://github.com/reactor/reactor-core/issues/2050,concurrency,33.8,reactor/reactor-core,2050
443,8f13bb22-5ef7-11eb-8f89-0242ac190002,2021-01-25 10:24:51,https://github.com/jhipster/generator-jhipster/issues/1900,other,27.4,jhipster/generator-jhipster,1900
444,8f13bb22-5ef7-11eb-8f89-0242ac190002,2021-01-25 10:24:51,https://github.com/codenameone/CodenameOne/issues/1408,semantic,12.8,codenameone/CodenameOne,1408
445,8f13bb22-5ef7-11eb-8f89-0242ac190002,2021-01-25 10:24:51,https://github.com/AsyncHttpClient/async-http-client/issues/1049,concurrency,7.9,AsyncHttpClient/async-http-client,1049
446,8f13bb22-5ef7-11eb-8f89-0242ac190002,2021-01-25 10:24:51,https://github.com/BroadleafCommerce/BroadleafCommerce/issues/705,semantic,13.3,BroadleafCommerce/BroadleafCommerce,705
447,8f13bb22-5ef7-11eb-8f89-0242ac190002,2021-01-25 10:24:51,https://github.com/google/ExoPlayer/issues/7273,semantic,26.2,google/ExoPlayer,7273
448,8f13bb22-5ef7-11eb-8f89-0242ac190002,2021-01-25 10:24:51,https://github.com/square/okhttp/issues/4258,memory,10.1,square/okhttp,4258
449,8f13bb22-5ef7-11eb-8f89-0242ac190002,2021-01-25 10:24:51,https://github.com/netty/netty/issues/6481,semantic,13.1,netty/netty,6481
450,acb1bee4-9c65-11eb-8455-0242ac190002,2021-04-13 14:36:46,https://github.com/aol/cyclops/issues/276,semantic,103.6,aol/cyclops,276
451,acb1bee4-9c65-11eb-8455-0242ac190002,2021-04-13 14:36:46,https://github.com/netty/netty/issues/7418,semantic,165.9,netty/netty,7418
452,acb1bee4-9c65-11eb-8455-0242ac190002,2021-04-13 14:36:46,https://github.com/spring-projects/spring-framework/issues/24886,concurrency,78.0,spring-projects/spring-framework,24886
453,acb1bee4-9c65-11eb-8455-0242ac190002,2021-04-13 14:36:46,https://github.com/redisson/redisson/issues/2670,semantic,53.2,redisson/redisson,2670
454,acb1bee4-9c65-11eb-8455-0242ac190002,2021-04-13 14:36:46,https://github.com/mapsforge/mapsforge/issues/753,other,60.7,mapsforge/mapsforge,753
455,acb1bee4-9c65-11eb-8455-0242ac190002,2021-04-13 14:36:46,https://github.com/netty/netty/issues/539,memory,18.7,netty/netty,539
456,acb1bee4-9c65-11eb-8455-0242ac190002,2021-04-13 14:36:46,https://github.com/grpc/grpc-java/issues/5729,other,50.8,grpc/grpc-java,5729
457,acb1bee4-9c65-11eb-8455-0242ac190002,2021-04-13 14:36:46,https://github.com/redisson/redisson/issues/1158,semantic,30.9,redisson/redisson,1158
458,acb1bee4-9c65-11eb-8455-0242ac190002,2021-04-13 14:36:46,https://github.com/AsyncHttpClient/async-http-client/issues/1028,semantic,45.1,AsyncHttpClient/async-http-client,1028
459,acb1bee4-9c65-11eb-8455-0242ac190002,2021-04-13 14:36:46,https://github.com/speedment/speedment/issues/299,semantic,28.1,speedment/speedment,299
460,5839497a-9b7c-11eb-8455-0242ac190002,2021-04-12 10:46:32,https://github.com/elastic/elasticsearch/issues/16887,semantic,80.0,elastic/elasticsearch,16887
461,5839497a-9b7c-11eb-8455-0242ac190002,2021-04-12 10:46:32,https://github.com/eclipse/hono/issues/1988,semantic,23.9,eclipse/hono,1988
462,5839497a-9b7c-11eb-8455-0242ac190002,2021-04-12 10:46:32,https://github.com/elastic/elasticsearch/issues/2658,concurrency,18.9,elastic/elasticsearch,2658
463,5839497a-9b7c-11eb-8455-0242ac190002,2021-04-12 10:46:32,https://github.com/netty/netty/issues/2252,semantic,45.4,netty/netty,2252
464,5839497a-9b7c-11eb-8455-0242ac190002,2021-04-12 10:46:32,https://github.com/reactor/reactor-core/issues/320,concurrency,29.2,reactor/reactor-core,320
465,5839497a-9b7c-11eb-8455-0242ac190002,2021-04-12 10:46:32,https://github.com/elastic/elasticsearch/issues/5142,semantic,18.6,elastic/elasticsearch,5142
466,5839497a-9b7c-11eb-8455-0242ac190002,2021-04-12 10:46:32,https://github.com/eclipse/ice/issues/190,other,9.0,eclipse/ice,190
467,5839497a-9b7c-11eb-8455-0242ac190002,2021-04-12 10:46:32,https://github.com/elastic/elasticsearch/issues/6279,semantic,27.2,elastic/elasticsearch,6279
468,5839497a-9b7c-11eb-8455-0242ac190002,2021-04-12 10:46:32,https://github.com/spring-projects/spring-session/issues/1025,semantic,20.7,spring-projects/spring-session,1025
469,5839497a-9b7c-11eb-8455-0242ac190002,2021-04-12 10:46:32,https://github.com/brettwooldridge/HikariCP/issues/44,memory,20.4,brettwooldridge/HikariCP,44
490,d2c1b246-5986-11eb-8f89-0242ac190002,2021-01-18 12:15:16,https://github.com/eclipse/elk/issues/487,other,92.3,eclipse/elk,487
491,d2c1b246-5986-11eb-8f89-0242ac190002,2021-01-18 12:15:16,https://github.com/eXist-db/exist/issues/1834,other,63.8,eXist-db/exist,1834
492,d2c1b246-5986-11eb-8f89-0242ac190002,2021-01-18 12:15:16,https://github.com/elastic/elasticsearch/issues/24108,memory,29.1,elastic/elasticsearch,24108
493,d2c1b246-5986-11eb-8f89-0242ac190002,2021-01-18 12:15:16,https://github.com/elastic/elasticsearch/issues/16887,semantic,30.1,elastic/elasticsearch,16887
494,d2c1b246-5986-11eb-8f89-0242ac190002,2021-01-18 12:15:16,https://github.com/graphhopper/graphhopper/issues/1288,other,41.1,graphhopper/graphhopper,1288
495,d2c1b246-5986-11eb-8f89-0242ac190002,2021-01-18 12:15:16,https://github.com/elastic/elasticsearch/issues/3820,other,23.9,elastic/elasticsearch,3820
496,d2c1b246-5986-11eb-8f89-0242ac190002,2021-01-18 12:15:16,https://github.com/eclipse/hono/issues/1750,concurrency,11.0,eclipse/hono,1750
497,d2c1b246-5986-11eb-8f89-0242ac190002,2021-01-18 12:15:16,https://github.com/eclipse/jetty.project/issues/1448,memory,12.2,eclipse/jetty.project,1448
498,d2c1b246-5986-11eb-8f89-0242ac190002,2021-01-18 12:15:16,https://github.com/elastic/elasticsearch/issues/7793,semantic,20.2,elastic/elasticsearch,7793
499,d2c1b246-5986-11eb-8f89-0242ac190002,2021-01-18 12:15:16,https://github.com/netty/netty/issues/6481,semantic,37.1,netty/netty,6481
540,d86c2088-3b30-11eb-8f89-0242ac190002,2020-12-10 21:44:14,https://github.com/eclipse/hono/issues/1105,other,30.9,eclipse/hono,1105
541,d86c2088-3b30-11eb-8f89-0242ac190002,2020-12-10 21:44:14,https://github.com/hazelcast/hazelcast/issues/15996,other,10.0,hazelcast/hazelcast,15996
542,d86c2088-3b30-11eb-8f89-0242ac190002,2020-12-10 21:44:14,https://github.com/elastic/elasticsearch/issues/15789,memory,4.5,elastic/elasticsearch,15789
543,d86c2088-3b30-11eb-8f89-0242ac190002,2020-12-10 21:44:14,https://github.com/hazelcast/hazelcast/issues/166,concurrency,6.2,hazelcast/hazelcast,166
544,d86c2088-3b30-11eb-8f89-0242ac190002,2020-12-10 21:44:14,https://github.com/redisson/redisson/issues/2153,other,16.9,redisson/redisson,2153
545,d86c2088-3b30-11eb-8f89-0242ac190002,2020-12-10 21:44:14,https://github.com/bazelbuild/bazel/issues/3927,semantic,13.7,bazelbuild/bazel,3927
546,d86c2088-3b30-11eb-8f89-0242ac190002,2020-12-10 21:44:14,https://github.com/netty/netty/issues/4760,semantic,10.8,netty/netty,4760
547,d86c2088-3b30-11eb-8f89-0242ac190002,2020-12-10 21:44:14,https://github.com/netty/netty/issues/2651,concurrency,6.7,netty/netty,2651
548,d86c2088-3b30-11eb-8f89-0242ac190002,2020-12-10 21:44:14,https://github.com/eclipse/elk/issues/67,memory,3.5,eclipse/elk,67
549,d86c2088-3b30-11eb-8f89-0242ac190002,2020-12-10 21:44:14,https://github.com/checkstyle/checkstyle/issues/4908,other,3.7,checkstyle/checkstyle,4908
550,31c2ff3c-5b46-11eb-8f89-0242ac190002,2021-01-20 17:37:40,https://github.com/facebook/fresco/issues/1504,semantic,14.3,facebook/fresco,1504
551,31c2ff3c-5b46-11eb-8f89-0242ac190002,2021-01-20 17:37:40,https://github.com/grpc/grpc-java/issues/598,memory,13.7,grpc/grpc-java,598
552,31c2ff3c-5b46-11eb-8f89-0242ac190002,2021-01-20 17:37:40,https://github.com/spring-projects/spring-security/issues/4878,other,18.3,spring-projects/spring-security,4878
553,31c2ff3c-5b46-11eb-8f89-0242ac190002,2021-01-20 17:37:40,https://github.com/haraldk/TwelveMonkeys/issues/492,semantic,15.6,haraldk/TwelveMonkeys,492
554,31c2ff3c-5b46-11eb-8f89-0242ac190002,2021-01-20 17:37:40,https://github.com/brettwooldridge/HikariCP/issues/19,semantic,22.5,brettwooldridge/HikariCP,19
555,31c2ff3c-5b46-11eb-8f89-0242ac190002,2021-01-20 17:37:40,https://github.com/jankotek/mapdb/issues/36,memory,28.7,jankotek/mapdb,36
556,31c2ff3c-5b46-11eb-8f89-0242ac190002,2021-01-20 17:37:40,https://github.com/redisson/redisson/issues/1935,memory,7.1,redisson/redisson,1935
557,31c2ff3c-5b46-11eb-8f89-0242ac190002,2021-01-20 17:37:40,https://github.com/netty/netty/issues/5833,semantic,19.0,netty/netty,5833
558,31c2ff3c-5b46-11eb-8f89-0242ac190002,2021-01-20 17:37:40,https://github.com/skylot/jadx/issues/726,concurrency,53.0,skylot/jadx,726
559,31c2ff3c-5b46-11eb-8f89-0242ac190002,2021-01-20 17:37:40,https://github.com/netty/netty/issues/2644,memory,5.6,netty/netty,2644
560,31c42e14-572e-11eb-8f89-0242ac190002,2021-01-15 12:35:47,https://github.com/spring-projects/spring-security/issues/5163,semantic,9.4,spring-projects/spring-security,5163
561,31c42e14-572e-11eb-8f89-0242ac190002,2021-01-15 12:35:47,https://github.com/spring-projects/spring-boot/issues/4921,semantic,11.2,spring-projects/spring-boot,4921
562,31c42e14-572e-11eb-8f89-0242ac190002,2021-01-15 12:35:47,https://github.com/checkstyle/checkstyle/issues/3507,other,4.4,checkstyle/checkstyle,3507
563,31c42e14-572e-11eb-8f89-0242ac190002,2021-01-15 12:35:47,https://github.com/elastic/elasticsearch/issues/1167,memory,15.3,elastic/elasticsearch,1167
564,31c42e14-572e-11eb-8f89-0242ac190002,2021-01-15 12:35:47,https://github.com/netty/netty/issues/300,concurrency,12.8,netty/netty,300
565,31c42e14-572e-11eb-8f89-0242ac190002,2021-01-15 12:35:47,https://github.com/elastic/elasticsearch/issues/34307,other,31.8,elastic/elasticsearch,34307
566,31c42e14-572e-11eb-8f89-0242ac190002,2021-01-15 12:35:47,https://github.com/MenoData/Time4J/issues/807,semantic,11.7,MenoData/Time4J,807
567,31c42e14-572e-11eb-8f89-0242ac190002,2021-01-15 12:35:47,https://github.com/spring-projects/spring-framework/issues/24339,memory,10.6,spring-projects/spring-framework,24339
568,31c42e14-572e-11eb-8f89-0242ac190002,2021-01-15 12:35:47,https://github.com/speedment/speedment/issues/626,other,8.2,speedment/speedment,626
569,31c42e14-572e-11eb-8f89-0242ac190002,2021-01-15 12:35:47,https://github.com/netty/netty/issues/2252,semantic,8.7,netty/netty,2252
580,3f4f3f82-5b26-11eb-8f89-0242ac190002,2021-01-20 13:48:59,https://github.com/bazelbuild/bazel/issues/5402,concurrency,32.9,bazelbuild/bazel,5402
581,3f4f3f82-5b26-11eb-8f89-0242ac190002,2021-01-20 13:48:59,https://github.com/JodaOrg/joda-time/issues/18,semantic,118.4,JodaOrg/joda-time,18
582,3f4f3f82-5b26-11eb-8f89-0242ac190002,2021-01-20 13:48:59,https://github.com/AsyncHttpClient/async-http-client/issues/1049,concurrency,5.6,AsyncHttpClient/async-http-client,1049
583,3f4f3f82-5b26-11eb-8f89-0242ac190002,2021-01-20 13:48:59,https://github.com/spring-projects/spring-security/issues/4769,semantic,34.2,spring-projects/spring-security,4769
584,3f4f3f82-5b26-11eb-8f89-0242ac190002,2021-01-20 13:48:59,https://github.com/brettwooldridge/HikariCP/issues/68,other,29.3,brettwooldridge/HikariCP,68
585,3f4f3f82-5b26-11eb-8f89-0242ac190002,2021-01-20 13:48:59,https://github.com/reactor/reactor-core/issues/1070,memory,41.1,reactor/reactor-core,1070
586,3f4f3f82-5b26-11eb-8f89-0242ac190002,2021-01-20 13:48:59,https://github.com/redisson/redisson/issues/1896,memory,4.5,redisson/redisson,1896
587,3f4f3f82-5b26-11eb-8f89-0242ac190002,2021-01-20 13:48:59,https://github.com/intuit/karate/issues/198,memory,6.8,intuit/karate,198
588,3f4f3f82-5b26-11eb-8f89-0242ac190002,2021-01-20 13:48:59,https://github.com/netty/netty/issues/1830,other,15.6,netty/netty,1830
589,3f4f3f82-5b26-11eb-8f89-0242ac190002,2021-01-20 13:48:59,https://github.com/spring-projects/spring-framework/issues/24886,memory,40.9,spring-projects/spring-framework,24886
600,6b95af18-5b53-11eb-8f89-0242ac190002,2021-01-20 19:12:21,https://github.com/spring-projects/spring-security/issues/3852,other,9.1,spring-projects/spring-security,3852
601,6b95af18-5b53-11eb-8f89-0242ac190002,2021-01-20 19:12:21,https://github.com/jhipster/generator-jhipster/issues/3579,other,20.0,jhipster/generator-jhipster,3579
602,6b95af18-5b53-11eb-8f89-0242ac190002,2021-01-20 19:12:21,https://github.com/redisson/redisson/issues/1459,concurrency,45.6,redisson/redisson,1459
603,6b95af18-5b53-11eb-8f89-0242ac190002,2021-01-20 19:12:21,https://github.com/MenoData/Time4J/issues/267,other,3.5,MenoData/Time4J,267
604,6b95af18-5b53-11eb-8f89-0242ac190002,2021-01-20 19:12:21,https://github.com/netty/netty/issues/2013,memory,9.7,netty/netty,2013
605,6b95af18-5b53-11eb-8f89-0242ac190002,2021-01-20 19:12:21,https://github.com/checkstyle/checkstyle/issues/6865,other,10.0,checkstyle/checkstyle,6865
606,6b95af18-5b53-11eb-8f89-0242ac190002,2021-01-20 19:12:21,https://github.com/bazelbuild/bazel/issues/1159,other,9.2,bazelbuild/bazel,1159
607,6b95af18-5b53-11eb-8f89-0242ac190002,2021-01-20 19:12:21,https://github.com/spring-projects/spring-boot/issues/1199,other,34.2,spring-projects/spring-boot,1199
608,6b95af18-5b53-11eb-8f89-0242ac190002,2021-01-20 19:12:21,https://github.com/AsyncHttpClient/async-http-client/issues/1325,memory,5.5,AsyncHttpClient/async-http-client,1325
609,6b95af18-5b53-11eb-8f89-0242ac190002,2021-01-20 19:12:21,https://github.com/netty/netty/issues/588,other,4.6,netty/netty,588
630,9feeaf8c-5a52-11eb-8f89-0242ac190002,2021-01-19 12:34:08,https://github.com/spring-projects/spring-boot/issues/19949,semantic,19.4,spring-projects/spring-boot,19949
631,9feeaf8c-5a52-11eb-8f89-0242ac190002,2021-01-19 12:34:08,https://github.com/bazelbuild/bazel/issues/8160,semantic,21.2,bazelbuild/bazel,8160
632,9feeaf8c-5a52-11eb-8f89-0242ac190002,2021-01-19 12:34:08,https://github.com/MenoData/Time4J/issues/577,semantic,20.5,MenoData/Time4J,577
633,9feeaf8c-5a52-11eb-8f89-0242ac190002,2021-01-19 12:34:08,https://github.com/JetBrains/idea-gitignore/issues/413,concurrency,5.2,JetBrains/idea-gitignore,413
634,9feeaf8c-5a52-11eb-8f89-0242ac190002,2021-01-19 12:34:08,https://github.com/netty/netty/issues/2130,other,7.8,netty/netty,2130
635,9feeaf8c-5a52-11eb-8f89-0242ac190002,2021-01-19 12:34:08,https://github.com/reactor/reactor-core/issues/229,other,17.1,reactor/reactor-core,229
636,9feeaf8c-5a52-11eb-8f89-0242ac190002,2021-01-19 12:34:08,https://github.com/elastic/elasticsearch/issues/2658,semantic,14.7,elastic/elasticsearch,2658
637,9feeaf8c-5a52-11eb-8f89-0242ac190002,2021-01-19 12:34:08,https://github.com/netty/netty/issues/1507,memory,4.8,netty/netty,1507
638,9feeaf8c-5a52-11eb-8f89-0242ac190002,2021-01-19 12:34:08,https://github.com/spring-projects/spring-batch/issues/766,semantic,65.0,spring-projects/spring-batch,766
639,9feeaf8c-5a52-11eb-8f89-0242ac190002,2021-01-19 12:34:08,https://github.com/apache/pulsar/issues/4957,other,6.6,apache/pulsar,4957
670,dea6af6a-3bfb-11eb-8f89-0242ac190002,2020-12-11 21:57:32,https://github.com/netty/netty/issues/440,concurrency,20.3,netty/netty,440
671,dea6af6a-3bfb-11eb-8f89-0242ac190002,2020-12-11 21:57:32,https://github.com/netty/netty/issues/1507,memory,20.4,netty/netty,1507
672,dea6af6a-3bfb-11eb-8f89-0242ac190002,2020-12-11 21:57:32,https://github.com/elastic/elasticsearch/issues/1081,memory,15.5,elastic/elasticsearch,1081
673,dea6af6a-3bfb-11eb-8f89-0242ac190002,2020-12-11 21:57:32,https://github.com/google/guava/issues/2072,concurrency,14.3,google/guava,2072
674,dea6af6a-3bfb-11eb-8f89-0242ac190002,2020-12-11 21:57:32,https://github.com/hazelcast/hazelcast/issues/16429,memory,70.0,hazelcast/hazelcast,16429
675,dea6af6a-3bfb-11eb-8f89-0242ac190002,2020-12-11 21:57:32,https://github.com/skylot/jadx/issues/726,concurrency,18.5,skylot/jadx,726
676,dea6af6a-3bfb-11eb-8f89-0242ac190002,2020-12-11 21:57:32,https://github.com/orientechnologies/orientdb/issues/2121,semantic,50.8,orientechnologies/orientdb,2121
677,dea6af6a-3bfb-11eb-8f89-0242ac190002,2020-12-11 21:57:32,https://github.com/jankotek/mapdb/issues/36,memory,33.1,jankotek/mapdb,36
678,dea6af6a-3bfb-11eb-8f89-0242ac190002,2020-12-11 21:57:32,https://github.com/spring-projects/spring-session/issues/81,semantic,20.4,spring-projects/spring-session,81
679,dea6af6a-3bfb-11eb-8f89-0242ac190002,2020-12-11 21:57:32,https://github.com/eclipse/hono/issues/1988,semantic,40.8,eclipse/hono,1988
690,1f27a43e-9b7b-11eb-8455-0242ac190002,2021-04-12 10:37:47,https://github.com/google/ExoPlayer/issues/7273,memory,162.3,google/ExoPlayer,7273
691,1f27a43e-9b7b-11eb-8455-0242ac190002,2021-04-12 10:37:47,https://github.com/eclipse/n4js/issues/560,semantic,101.1,eclipse/n4js,560
692,1f27a43e-9b7b-11eb-8455-0242ac190002,2021-04-12 10:37:47,https://github.com/elastic/elasticsearch/issues/6181,memory,20.0,elastic/elasticsearch,6181
693,1f27a43e-9b7b-11eb-8455-0242ac190002,2021-04-12 10:37:47,https://github.com/intuit/karate/issues/779,memory,13.7,intuit/karate,779
694,1f27a43e-9b7b-11eb-8455-0242ac190002,2021-04-12 10:37:47,https://github.com/netty/netty/issues/2013,concurrency,12.8,netty/netty,2013
695,1f27a43e-9b7b-11eb-8455-0242ac190002,2021-04-12 10:37:47,https://github.com/netty/netty/issues/6620,memory,44.2,netty/netty,6620
696,1f27a43e-9b7b-11eb-8455-0242ac190002,2021-04-12 10:37:47,https://github.com/spring-projects/spring-boot/issues/11338,other,29.0,spring-projects/spring-boot,11338
697,1f27a43e-9b7b-11eb-8455-0242ac190002,2021-04-12 10:37:47,https://github.com/redisson/redisson/issues/1170,semantic,53.2,redisson/redisson,1170
698,1f27a43e-9b7b-11eb-8455-0242ac190002,2021-04-12 10:37:47,https://github.com/MenoData/Time4J/issues/637,semantic,16.3,MenoData/Time4J,637
699,1f27a43e-9b7b-11eb-8455-0242ac190002,2021-04-12 10:37:47,https://github.com/bazelbuild/bazel/issues/5815,semantic,27.5,bazelbuild/bazel,5815
700,85416c72-9b68-11eb-8455-0242ac190002,2021-04-12 08:24:37,https://github.com/google/ExoPlayer/issues/1066,memory,36.5,google/ExoPlayer,1066
701,85416c72-9b68-11eb-8455-0242ac190002,2021-04-12 08:24:37,https://github.com/elastic/elasticsearch/issues/10351,concurrency,25.5,elastic/elasticsearch,10351
702,85416c72-9b68-11eb-8455-0242ac190002,2021-04-12 08:24:37,https://github.com/eclipse/eclipse.jdt.ls/issues/661,other,11.3,eclipse/eclipse.jdt.ls,661
703,85416c72-9b68-11eb-8455-0242ac190002,2021-04-12 08:24:37,https://github.com/checkstyle/checkstyle/issues/4927,concurrency,6.5,checkstyle/checkstyle,4927
704,85416c72-9b68-11eb-8455-0242ac190002,2021-04-12 08:24:37,https://github.com/netty/netty/issues/7178,semantic,3.7,netty/netty,7178
705,85416c72-9b68-11eb-8455-0242ac190002,2021-04-12 08:24:37,https://github.com/eXist-db/exist/issues/1834,memory,13.9,eXist-db/exist,1834
706,85416c72-9b68-11eb-8455-0242ac190002,2021-04-12 08:24:37,https://github.com/brettwooldridge/HikariCP/issues/68,semantic,18.1,brettwooldridge/HikariCP,68
707,85416c72-9b68-11eb-8455-0242ac190002,2021-04-12 08:24:37,https://github.com/netty/netty/issues/6620,memory,13.8,netty/netty,6620
708,85416c72-9b68-11eb-8455-0242ac190002,2021-04-12 08:24:37,https://github.com/eclipse/jetty.project/issues/2346,semantic,3.4,eclipse/jetty.project,2346
709,85416c72-9b68-11eb-8455-0242ac190002,2021-04-12 08:24:37,https://github.com/brettwooldridge/HikariCP/issues/880,concurrency,2.3,brettwooldridge/HikariCP,880
740,e58737c2-5e52-11eb-8f89-0242ac190002,2021-01-24 14:46:09,https://github.com/elastic/elasticsearch/issues/4112,semantic,10.5,elastic/elasticsearch,4112
741,e58737c2-5e52-11eb-8f89-0242ac190002,2021-01-24 14:46:09,https://github.com/netty/netty/issues/129,memory,4.1,netty/netty,129
742,e58737c2-5e52-11eb-8f89-0242ac190002,2021-01-24 14:46:09,https://github.com/netty/netty/issues/5372,memory,3.6,netty/netty,5372
743,e58737c2-5e52-11eb-8f89-0242ac190002,2021-01-24 14:46:09,https://github.com/netty/netty/issues/2363,semantic,24.8,netty/netty,2363
744,e58737c2-5e52-11eb-8f89-0242ac190002,2021-01-24 14:46:09,https://github.com/spring-projects/spring-security/issues/5724,other,14.8,spring-projects/spring-security,5724
745,e58737c2-5e52-11eb-8f89-0242ac190002,2021-01-24 14:46:09,https://github.com/spring-projects/spring-boot/issues/11338,other,25.0,spring-projects/spring-boot,11338
746,e58737c2-5e52-11eb-8f89-0242ac190002,2021-01-24 14:46:09,https://github.com/eclipse/jetty.project/issues/355,concurrency,30.7,eclipse/jetty.project,355
747,e58737c2-5e52-11eb-8f89-0242ac190002,2021-01-24 14:46:09,https://github.com/elastic/elasticsearch/issues/7623,concurrency,13.5,elastic/elasticsearch,7623
748,e58737c2-5e52-11eb-8f89-0242ac190002,2021-01-24 14:46:09,https://github.com/brettwooldridge/HikariCP/issues/19,semantic,14.7,brettwooldridge/HikariCP,19
749,e58737c2-5e52-11eb-8f89-0242ac190002,2021-01-24 14:46:09,https://github.com/elastic/elasticsearch/issues/21703,semantic,8.4,elastic/elasticsearch,21703
760,95dbe418-3ab5-11eb-8f89-0242ac190002,2020-12-10 07:01:54,https://github.com/square/okhttp/issues/4875,semantic,32.5,square/okhttp,4875
761,95dbe418-3ab5-11eb-8f89-0242ac190002,2020-12-10 07:01:54,https://github.com/junit-team/junit5/issues/894,other,26.9,junit-team/junit5,894
762,95dbe418-3ab5-11eb-8f89-0242ac190002,2020-12-10 07:01:54,https://github.com/elastic/elasticsearch/issues/1229,semantic,31.1,elastic/elasticsearch,1229
763,95dbe418-3ab5-11eb-8f89-0242ac190002,2020-12-10 07:01:54,https://github.com/apache/pulsar/issues/6110,other,16.6,apache/pulsar,6110
764,95dbe418-3ab5-11eb-8f89-0242ac190002,2020-12-10 07:01:54,https://github.com/spring-projects/spring-session/issues/389,other,15.3,spring-projects/spring-session,389
765,95dbe418-3ab5-11eb-8f89-0242ac190002,2020-12-10 07:01:54,https://github.com/google/ExoPlayer/issues/2292,semantic,18.5,google/ExoPlayer,2292
766,95dbe418-3ab5-11eb-8f89-0242ac190002,2020-12-10 07:01:54,https://github.com/redisson/redisson/issues/1326,memory,7.9,redisson/redisson,1326
767,95dbe418-3ab5-11eb-8f89-0242ac190002,2020-12-10 07:01:54,https://github.com/pmd/pmd/issues/1695,other,15.9,pmd/pmd,1695
768,95dbe418-3ab5-11eb-8f89-0242ac190002,2020-12-10 07:01:54,https://github.com/orientechnologies/orientdb/issues/6380,concurrency,10.2,orientechnologies/orientdb,6380
769,95dbe418-3ab5-11eb-8f89-0242ac190002,2020-12-10 07:01:54,https://github.com/netty/netty/issues/2651,semantic,59.8,netty/netty,2651
770,dd12b7de-5a32-11eb-8f89-0242ac190002,2021-01-19 08:46:46,https://github.com/apache/incubator-dolphinscheduler/issues/1420,other,38.9,apache/incubator-dolphinscheduler,1420
771,dd12b7de-5a32-11eb-8f89-0242ac190002,2021-01-19 08:46:46,https://github.com/spring-projects/spring-session/issues/154,semantic,15.7,spring-projects/spring-session,154
772,dd12b7de-5a32-11eb-8f89-0242ac190002,2021-01-19 08:46:46,https://github.com/redisson/redisson/issues/1584,memory,7.9,redisson/redisson,1584
773,dd12b7de-5a32-11eb-8f89-0242ac190002,2021-01-19 08:46:46,https://github.com/spring-projects/spring-boot/issues/9797,other,21.0,spring-projects/spring-boot,9797
774,dd12b7de-5a32-11eb-8f89-0242ac190002,2021-01-19 08:46:46,https://github.com/netty/netty/issues/1986,semantic,32.7,netty/netty,1986
775,dd12b7de-5a32-11eb-8f89-0242ac190002,2021-01-19 08:46:46,https://github.com/netty/netty/issues/597,memory,17.6,netty/netty,597
776,dd12b7de-5a32-11eb-8f89-0242ac190002,2021-01-19 08:46:46,https://github.com/restlet/restlet-framework-java/issues/1243,concurrency,4.2,restlet/restlet-framework-java,1243
777,dd12b7de-5a32-11eb-8f89-0242ac190002,2021-01-19 08:46:46,https://github.com/AsyncHttpClient/async-http-client/issues/1028,semantic,24.0,AsyncHttpClient/async-http-client,1028
778,dd12b7de-5a32-11eb-8f89-0242ac190002,2021-01-19 08:46:46,https://github.com/eclipse/hono/issues/1609,other,16.7,eclipse/hono,1609
779,dd12b7de-5a32-11eb-8f89-0242ac190002,2021-01-19 08:46:46,https://github.com/netty/netty/issues/1878,memory,5.5,netty/netty,1878
790,100ec218-a362-11eb-8455-0242ac190002,2021-04-22 11:58:33,https://github.com/elastic/elasticsearch/issues/23048,memory,94.6,elastic/elasticsearch,23048
791,100ec218-a362-11eb-8455-0242ac190002,2021-04-22 11:58:33,https://github.com/eclipse/n4js/issues/444,memory,268.6,eclipse/n4js,444
792,100ec218-a362-11eb-8455-0242ac190002,2021-04-22 11:58:33,https://github.com/spring-projects/spring-session/issues/665,other,30.1,spring-projects/spring-session,665
793,100ec218-a362-11eb-8455-0242ac190002,2021-04-22 11:58:33,https://github.com/square/okhttp/issues/4658,memory,9.1,square/okhttp,4658
794,100ec218-a362-11eb-8455-0242ac190002,2021-04-22 11:58:33,https://github.com/redisson/redisson/issues/1927,memory,5.3,redisson/redisson,1927
795,100ec218-a362-11eb-8455-0242ac190002,2021-04-22 11:58:33,https://github.com/elastic/elasticsearch/issues/43840,concurrency,12.5,elastic/elasticsearch,43840
796,100ec218-a362-11eb-8455-0242ac190002,2021-04-22 11:58:33,https://github.com/netty/netty/issues/1739,memory,6.9,netty/netty,1739
797,100ec218-a362-11eb-8455-0242ac190002,2021-04-22 11:58:33,https://github.com/google/ExoPlayer/issues/4234,other,25.1,google/ExoPlayer,4234
798,100ec218-a362-11eb-8455-0242ac190002,2021-04-22 11:58:33,https://github.com/netty/netty/issues/300,memory,13.6,netty/netty,300
799,100ec218-a362-11eb-8455-0242ac190002,2021-04-22 11:58:33,https://github.com/eclipse/n4js/issues/1443,other,10.9,eclipse/n4js,1443
800,b467c2a8-bedb-11eb-bf0d-0242ac190002,2021-05-27 11:07:19,https://github.com/square/okhttp/issues/4875,memory,92.2,square/okhttp,4875
801,b467c2a8-bedb-11eb-bf0d-0242ac190002,2021-05-27 11:07:19,https://github.com/eclipse/kapua/issues/976,other,32.2,eclipse/kapua,976
802,b467c2a8-bedb-11eb-bf0d-0242ac190002,2021-05-27 11:07:19,https://github.com/netty/netty/issues/1975,concurrency,37.7,netty/netty,1975
803,b467c2a8-bedb-11eb-bf0d-0242ac190002,2021-05-27 11:07:19,https://github.com/MenoData/Time4J/issues/809,semantic,20.9,MenoData/Time4J,809
804,b467c2a8-bedb-11eb-bf0d-0242ac190002,2021-05-27 11:07:19,https://github.com/eclipse/n4js/issues/435,semantic,10.5,eclipse/n4js,435
805,b467c2a8-bedb-11eb-bf0d-0242ac190002,2021-05-27 11:07:19,https://github.com/elastic/elasticsearch/issues/11870,semantic,30.8,elastic/elasticsearch,11870
806,b467c2a8-bedb-11eb-bf0d-0242ac190002,2021-05-27 11:07:19,https://github.com/redisson/redisson/issues/1584,semantic,70.4,redisson/redisson,1584
807,b467c2a8-bedb-11eb-bf0d-0242ac190002,2021-05-27 11:07:19,https://github.com/elastic/elasticsearch/issues/7793,semantic,20.9,elastic/elasticsearch,7793
808,b467c2a8-bedb-11eb-bf0d-0242ac190002,2021-05-27 11:07:19,https://github.com/grpc/grpc-java/issues/6850,concurrency,43.3,grpc/grpc-java,6850
809,b467c2a8-bedb-11eb-bf0d-0242ac190002,2021-05-27 11:07:19,https://github.com/netty/netty/issues/1986,other,36.1,netty/netty,1986
810,29f075b6-9b6d-11eb-8455-0242ac190002,2021-04-12 08:57:52,https://github.com/elastic/elasticsearch/issues/7623,memory,53.0,elastic/elasticsearch,7623
811,29f075b6-9b6d-11eb-8455-0242ac190002,2021-04-12 08:57:52,https://github.com/AsyncHttpClient/async-http-client/issues/534,concurrency,24.0,AsyncHttpClient/async-http-client,534
812,29f075b6-9b6d-11eb-8455-0242ac190002,2021-04-12 08:57:52,https://github.com/spring-projects/spring-security/issues/5401,memory,15.9,spring-projects/spring-security,5401
813,29f075b6-9b6d-11eb-8455-0242ac190002,2021-04-12 08:57:52,https://github.com/eXist-db/exist/issues/1293,concurrency,9.8,eXist-db/exist,1293
814,29f075b6-9b6d-11eb-8455-0242ac190002,2021-04-12 08:57:52,https://github.com/bazelbuild/bazel/issues/8160,semantic,41.5,bazelbuild/bazel,8160
815,29f075b6-9b6d-11eb-8455-0242ac190002,2021-04-12 08:57:52,https://github.com/reactor/reactor-core/issues/1973,concurrency,45.6,reactor/reactor-core,1973
816,29f075b6-9b6d-11eb-8455-0242ac190002,2021-04-12 08:57:52,https://github.com/elastic/elasticsearch/issues/1152,concurrency,9.1,elastic/elasticsearch,1152
817,29f075b6-9b6d-11eb-8455-0242ac190002,2021-04-12 08:57:52,https://github.com/checkstyle/checkstyle/issues/3507,other,13.2,checkstyle/checkstyle,3507
818,29f075b6-9b6d-11eb-8455-0242ac190002,2021-04-12 08:57:52,https://github.com/netty/netty/issues/5553,concurrency,12.6,netty/netty,5553
819,29f075b6-9b6d-11eb-8455-0242ac190002,2021-04-12 08:57:52,https://github.com/bazelbuild/bazel/issues/5815,semantic,45.9,bazelbuild/bazel,5815
820,92fe11f6-5402-11eb-8f89-0242ac190002,2021-01-11 11:45:59,https://github.com/checkstyle/checkstyle/issues/3839,semantic,23.1,checkstyle/checkstyle,3839
821,92fe11f6-5402-11eb-8f89-0242ac190002,2021-01-11 11:45:59,https://github.com/checkstyle/checkstyle/issues/6865,other,40.1,checkstyle/checkstyle,6865
822,92fe11f6-5402-11eb-8f89-0242ac190002,2021-01-11 11:45:59,https://github.com/apache/pulsar/issues/6100,other,40.2,apache/pulsar,6100
823,92fe11f6-5402-11eb-8f89-0242ac190002,2021-01-11 11:45:59,https://github.com/spring-projects/spring-boot/issues/11200,other,22.6,spring-projects/spring-boot,11200
824,92fe11f6-5402-11eb-8f89-0242ac190002,2021-01-11 11:45:59,https://github.com/AsyncHttpClient/async-http-client/issues/1028,semantic,50.4,AsyncHttpClient/async-http-client,1028
825,92fe11f6-5402-11eb-8f89-0242ac190002,2021-01-11 11:45:59,https://github.com/netty/netty/issues/1247,semantic,21.5,netty/netty,1247
826,92fe11f6-5402-11eb-8f89-0242ac190002,2021-01-11 11:45:59,https://github.com/checkstyle/checkstyle/issues/7458,concurrency,25.0,checkstyle/checkstyle,7458
827,92fe11f6-5402-11eb-8f89-0242ac190002,2021-01-11 11:45:59,https://github.com/spring-projects/spring-framework/issues/24861,semantic,43.7,spring-projects/spring-framework,24861
828,92fe11f6-5402-11eb-8f89-0242ac190002,2021-01-11 11:45:59,https://github.com/spring-projects/spring-security/issues/4769,other,9.2,spring-projects/spring-security,4769
829,92fe11f6-5402-11eb-8f89-0242ac190002,2021-01-11 11:45:59,https://github.com/bazelbuild/bazel/issues/1159,other,12.7,bazelbuild/bazel,1159
830,d8a21338-9b88-11eb-8455-0242ac190002,2021-04-12 12:16:01,https://github.com/AsyncHttpClient/async-http-client/issues/1314,semantic,59.9,AsyncHttpClient/async-http-client,1314
831,d8a21338-9b88-11eb-8455-0242ac190002,2021-04-12 12:16:01,https://github.com/eclipse/elk/issues/67,memory,5.6,eclipse/elk,67
832,d8a21338-9b88-11eb-8455-0242ac190002,2021-04-12 12:16:01,https://github.com/elastic/elasticsearch/issues/21226,other,12.2,elastic/elasticsearch,21226
833,d8a21338-9b88-11eb-8455-0242ac190002,2021-04-12 12:16:01,https://github.com/eXist-db/exist/issues/1834,other,6.8,eXist-db/exist,1834
834,d8a21338-9b88-11eb-8455-0242ac190002,2021-04-12 12:16:01,https://github.com/spring-projects/spring-security/issues/5724,other,3.8,spring-projects/spring-security,5724
835,d8a21338-9b88-11eb-8455-0242ac190002,2021-04-12 12:16:01,https://github.com/MenoData/Time4J/issues/558,other,46.8,MenoData/Time4J,558
836,d8a21338-9b88-11eb-8455-0242ac190002,2021-04-12 12:16:01,https://github.com/jhipster/generator-jhipster/issues/3579,other,22.4,jhipster/generator-jhipster,3579
837,d8a21338-9b88-11eb-8455-0242ac190002,2021-04-12 12:16:01,https://github.com/netty/netty/issues/7178,semantic,39.8,netty/netty,7178
838,d8a21338-9b88-11eb-8455-0242ac190002,2021-04-12 12:16:01,https://github.com/eclipse/eclipse.jdt.ls/issues/661,other,22.5,eclipse/eclipse.jdt.ls,661
839,d8a21338-9b88-11eb-8455-0242ac190002,2021-04-12 12:16:01,https://github.com/netty/netty/issues/1579,memory,11.4,netty/netty,1579
840,6e534b36-3dbf-11eb-8f89-0242ac190002,2020-12-14 03:49:56,https://github.com/jankotek/mapdb/issues/381,memory,213.1,jankotek/mapdb,381
841,6e534b36-3dbf-11eb-8f89-0242ac190002,2020-12-14 03:49:56,https://github.com/microsoft/azure-tools-for-java/issues/4422,concurrency,31.6,microsoft/azure-tools-for-java,4422
842,6e534b36-3dbf-11eb-8f89-0242ac190002,2020-12-14 03:49:56,https://github.com/netty/netty/issues/1247,semantic,146.5,netty/netty,1247
843,6e534b36-3dbf-11eb-8f89-0242ac190002,2020-12-14 03:49:56,https://github.com/AsyncHttpClient/async-http-client/issues/534,memory,46.2,AsyncHttpClient/async-http-client,534
844,6e534b36-3dbf-11eb-8f89-0242ac190002,2020-12-14 03:49:56,https://github.com/bazelbuild/bazel/issues/1160,memory,18.0,bazelbuild/bazel,1160
845,6e534b36-3dbf-11eb-8f89-0242ac190002,2020-12-14 03:49:56,https://github.com/elastic/elasticsearch/issues/23048,concurrency,25.3,elastic/elasticsearch,23048
846,6e534b36-3dbf-11eb-8f89-0242ac190002,2020-12-14 03:49:56,https://github.com/naver/pinpoint/issues/2259,concurrency,4.2,naver/pinpoint,2259
847,6e534b36-3dbf-11eb-8f89-0242ac190002,2020-12-14 03:49:56,https://github.com/redisson/redisson/issues/2670,other,56.6,redisson/redisson,2670
848,6e534b36-3dbf-11eb-8f89-0242ac190002,2020-12-14 03:49:56,https://github.com/spring-projects/spring-session/issues/1276,other,19.6,spring-projects/spring-session,1276
849,6e534b36-3dbf-11eb-8f89-0242ac190002,2020-12-14 03:49:56,https://github.com/checkstyle/checkstyle/issues/3013,other,24.1,checkstyle/checkstyle,3013
870,ee1974ae-3af8-11eb-8f89-0242ac190002,2020-12-10 15:03:58,https://github.com/redisson/redisson/issues/2217,semantic,110.8,redisson/redisson,2217
871,ee1974ae-3af8-11eb-8f89-0242ac190002,2020-12-10 15:03:58,https://github.com/reactor/reactor-core/issues/930,other,32.4,reactor/reactor-core,930
872,ee1974ae-3af8-11eb-8f89-0242ac190002,2020-12-10 15:03:58,https://github.com/eclipse/jetty.project/issues/365,memory,6.9,eclipse/jetty.project,365
873,ee1974ae-3af8-11eb-8f89-0242ac190002,2020-12-10 15:03:58,https://github.com/bazelbuild/bazel/issues/4262,semantic,150.5,bazelbuild/bazel,4262
874,ee1974ae-3af8-11eb-8f89-0242ac190002,2020-12-10 15:03:58,https://github.com/junit-team/junit5/issues/810,semantic,56.1,junit-team/junit5,810
875,ee1974ae-3af8-11eb-8f89-0242ac190002,2020-12-10 15:03:58,https://github.com/eXist-db/exist/issues/1834,other,6.5,eXist-db/exist,1834
876,ee1974ae-3af8-11eb-8f89-0242ac190002,2020-12-10 15:03:58,https://github.com/netty/netty/issues/2014,memory,6.3,netty/netty,2014
877,ee1974ae-3af8-11eb-8f89-0242ac190002,2020-12-10 15:03:58,https://github.com/skylot/jadx/issues/685,semantic,48.6,skylot/jadx,685
878,ee1974ae-3af8-11eb-8f89-0242ac190002,2020-12-10 15:03:58,https://github.com/spring-projects/spring-security/issues/3852,other,16.2,spring-projects/spring-security,3852
879,ee1974ae-3af8-11eb-8f89-0242ac190002,2020-12-10 15:03:58,https://github.com/elastic/elasticsearch/issues/9107,concurrency,8.6,elastic/elasticsearch,9107
880,6073f918-5af0-11eb-8f89-0242ac190002,2021-01-20 07:23:22,https://github.com/netty/netty/issues/2651,semantic,47.1,netty/netty,2651
881,6073f918-5af0-11eb-8f89-0242ac190002,2021-01-20 07:23:22,https://github.com/requery/requery/issues/303,semantic,8.6,requery/requery,303
882,6073f918-5af0-11eb-8f89-0242ac190002,2021-01-20 07:23:22,https://github.com/eclipse/hono/issues/145,semantic,54.9,eclipse/hono,145
883,6073f918-5af0-11eb-8f89-0242ac190002,2021-01-20 07:23:22,https://github.com/bazelbuild/bazel/issues/5512,memory,29.4,bazelbuild/bazel,5512
884,6073f918-5af0-11eb-8f89-0242ac190002,2021-01-20 07:23:22,https://github.com/grpc/grpc-java/issues/4198,memory,20.2,grpc/grpc-java,4198
885,6073f918-5af0-11eb-8f89-0242ac190002,2021-01-20 07:23:22,https://github.com/apache/pulsar/issues/6900,other,6.3,apache/pulsar,6900
886,6073f918-5af0-11eb-8f89-0242ac190002,2021-01-20 07:23:22,https://github.com/netty/netty/issues/7156,other,31.4,netty/netty,7156
887,6073f918-5af0-11eb-8f89-0242ac190002,2021-01-20 07:23:22,https://github.com/elastic/elasticsearch/issues/1118,memory,6.4,elastic/elasticsearch,1118
888,6073f918-5af0-11eb-8f89-0242ac190002,2021-01-20 07:23:22,https://github.com/spring-projects/spring-session/issues/1276,other,6.5,spring-projects/spring-session,1276
889,6073f918-5af0-11eb-8f89-0242ac190002,2021-01-20 07:23:22,https://github.com/spring-projects/spring-boot/issues/2220,semantic,137.3,spring-projects/spring-boot,2220
900,d73cf84e-9b7b-11eb-8455-0242ac190002,2021-04-12 10:42:55,https://github.com/netty/netty/issues/6607,memory,57.5,netty/netty,6607
901,d73cf84e-9b7b-11eb-8455-0242ac190002,2021-04-12 10:42:55,https://github.com/speedment/speedment/issues/299,semantic,30.0,speedment/speedment,299
902,d73cf84e-9b7b-11eb-8455-0242ac190002,2021-04-12 10:42:55,https://github.com/spring-projects/spring-boot/issues/14464,other,18.1,spring-projects/spring-boot,14464
903,d73cf84e-9b7b-11eb-8455-0242ac190002,2021-04-12 10:42:55,https://github.com/junit-team/junit5/issues/1000,other,5.4,junit-team/junit5,1000
904,d73cf84e-9b7b-11eb-8455-0242ac190002,2021-04-12 10:42:55,https://github.com/netty/netty/issues/1181,concurrency,19.1,netty/netty,1181
905,d73cf84e-9b7b-11eb-8455-0242ac190002,2021-04-12 10:42:55,https://github.com/hazelcast/hazelcast/issues/166,memory,3.1,hazelcast/hazelcast,166
906,d73cf84e-9b7b-11eb-8455-0242ac190002,2021-04-12 10:42:55,https://github.com/google/ExoPlayer/issues/2292,concurrency,41.0,google/ExoPlayer,2292
907,d73cf84e-9b7b-11eb-8455-0242ac190002,2021-04-12 10:42:55,https://github.com/spring-projects/spring-security/issues/4308,semantic,54.4,spring-projects/spring-security,4308
908,d73cf84e-9b7b-11eb-8455-0242ac190002,2021-04-12 10:42:55,https://github.com/speedment/speedment/issues/628,semantic,36.7,speedment/speedment,628
909,d73cf84e-9b7b-11eb-8455-0242ac190002,2021-04-12 10:42:55,https://github.com/spring-projects/spring-security/issues/4769,semantic,5.8,spring-projects/spring-security,4769
